{
    "version": 8,
    "configurePresets": [
        {
            "name": "Clang 17.0.0 arm64-apple-darwin24.3.0",
            "displayName": "Clang 17.0.0 arm64-apple-darwin24.3.0",
            "description": "Using compilers: C = /usr/bin/clang, CXX = /usr/bin/clang++",
            "binaryDir": "${sourceDir}/out/build/${presetName}",
            "cacheVariables": {
                "CMAKE_INSTALL_PREFIX": "${sourceDir}/out/install/${presetName}",
                "CMAKE_C_COMPILER": "/usr/bin/clang",
                "CMAKE_CXX_COMPILER": "/usr/bin/clang++",
                "CMAKE_BUILD_TYPE": "Debug"
            }
        }
    ]
}